cell_type,compartment,gene
Podocyte,glomerular,NPHS1
Podocyte,glomerular,NPHS2
Podocyte,glomerular,PTPRO
Podocyte,glomerular,PODXL
Podocyte,glomerular,WT1
Podocyte,glomerular,CLIC5
Podocyte,glomerular,PLA2R1
Podocyte,glomerular,SYNPO
Podocyte,glomerular,MAFB
PEC,glomerular,CLDN1
PEC,glomerular,PAX8
PEC,glomerular,CFH
PEC,glomerular,ALDH1A2
PEC,glomerular,VCAM1
PEC,glomerular,RBFOX1
Mesangial,glomerular,PDGFRB
Mesangial,glomerular,ITGA8
Mesangial,glomerular,POSTN
Mesangial,glomerular,NTRK3
Mesangial,glomerular,PIEZO2
Mesangial,glomerular,GATA3
Mesangial,glomerular,NOTCH3
Glomerular_endothelium,glomerular,PECAM1
Glomerular_endothelium,glomerular,EHD3
Glomerular_endothelium,glomerular,EMCN
Glomerular_endothelium,glomerular,KDR
Glomerular_endothelium,glomerular,TBX3
Glomerular_endothelium,glomerular,PLAT
PT,proximal_tubule,LRP2
PT,proximal_tubule,CUBN
PT,proximal_tubule,SLC34A1
PT,proximal_tubule,HNF4A
PT,proximal_tubule,GATM
PT,proximal_tubule,ALDOB
PT,proximal_tubule,MIOX
PT,proximal_tubule,PCK1
PT,proximal_tubule,GPX3
PT,proximal_tubule,SLC13A3
PT,proximal_tubule,SLC5A2
PT,proximal_tubule,SLC5A12
PT,proximal_tubule,PRODH2
PT,proximal_tubule,SLC22A6
PT,proximal_tubule,SLC22A8
PT,proximal_tubule,CYP2E1
PT,proximal_tubule,SLC7A13
PT,proximal_tubule,SLC22A7
PT,proximal_tubule,ATP11A
PT,proximal_tubule,CYP7B1
PT_injured,proximal_tubule,VCAM1
PT_injured,proximal_tubule,HAVCR1
PT_injured,proximal_tubule,SPP1
PT_injured,proximal_tubule,DCDC2
PT_injured,proximal_tubule,ITGB8
PT_injured,proximal_tubule,PROM1
PT_injured,proximal_tubule,MET
DTL,loop_of_henle,AQP1
DTL,loop_of_henle,CRYAB
DTL,loop_of_henle,SLC14A2
DTL,loop_of_henle,ID1
DTL,loop_of_henle,BOC
ATL,loop_of_henle,CLDN4
ATL,loop_of_henle,AKR1B1
ATL,loop_of_henle,SLC44A5
ATL,loop_of_henle,EPHA7
TAL,loop_of_henle,UMOD
TAL,loop_of_henle,SLC12A1
TAL,loop_of_henle,CASR
TAL,loop_of_henle,KCNJ1
TAL,loop_of_henle,CLDN16
TAL,loop_of_henle,EGF
TAL,loop_of_henle,ESRRB
TAL,loop_of_henle,PTGER3
Macula_densa,loop_of_henle,NOS1
Macula_densa,loop_of_henle,PAPPA2
Macula_densa,loop_of_henle,ROBO2
Macula_densa,loop_of_henle,PTGER3
DCT,distal_nephron,SLC12A3
DCT,distal_nephron,TRPM6
DCT,distal_nephron,KLHL3
DCT,distal_nephron,CALB1
DCT,distal_nephron,EGF
DCT,distal_nephron,PVALB
CNT,distal_nephron,CALB1
CNT,distal_nephron,SLC8A1
CNT,distal_nephron,TRPV5
CNT,distal_nephron,SCNN1G
CNT,distal_nephron,SCNN1B
Principal_cell,collecting_duct,AQP2
Principal_cell,collecting_duct,AQP3
Principal_cell,collecting_duct,GATA3
Principal_cell,collecting_duct,FXYD4
Principal_cell,collecting_duct,AVPR2
Principal_cell,collecting_duct,FOXA1
Principal_cell,collecting_duct,SCNN1B
IC,collecting_duct,SLC4A1
IC,collecting_duct,SLC26A7
IC,collecting_duct,ATP6V0D2
IC,collecting_duct,ATP6V1G3
IC,collecting_duct,KIT
IC,collecting_duct,AQP6
IC,collecting_duct,CA2
IC,collecting_duct,SLC26A4
IC,collecting_duct,SLC4A9
IC,collecting_duct,INSRR
Endothelial,vascular,PECAM1
Endothelial,vascular,CD34
Endothelial,vascular,EMCN
Endothelial,vascular,KDR
Endothelial,vascular,FLT1
Endothelial,vascular,VWF
Endothelial,vascular,CLDN5
Endothelial,vascular,ENG
Peritubular_capillary_EC,vascular,PLVAP
Peritubular_capillary_EC,vascular,EMCN
Peritubular_capillary_EC,vascular,CD34
Peritubular_capillary_EC,vascular,KDR
Peritubular_capillary_EC,vascular,PECAM1
Arteriolar_EC,vascular,GJA5
Arteriolar_EC,vascular,GJA4
Arteriolar_EC,vascular,SEMA3G
Arteriolar_EC,vascular,FBLN5
Arteriolar_EC,vascular,CXCL12
Vasa_recta_EC,vascular,AQP1
Vasa_recta_EC,vascular,SLC14A1
Vasa_recta_EC,vascular,PLVAP
Vasa_recta_EC,vascular,DNASE1L3
Vasa_recta_EC,vascular,SELP
Lymphatic_EC,vascular,PROX1
Lymphatic_EC,vascular,PDPN
Lymphatic_EC,vascular,LYVE1
Lymphatic_EC,vascular,FLT4
Lymphatic_EC,vascular,CCL21
Lymphatic_EC,vascular,MMRN1
Fibroblast,stromal,PDGFRA
Fibroblast,stromal,PDGFRB
Fibroblast,stromal,COL1A1
Fibroblast,stromal,COL3A1
Fibroblast,stromal,DCN
Fibroblast,stromal,LUM
Fibroblast,stromal,C7
Fibroblast,stromal,COL6A2
Myofibroblast,stromal,ACTA2
Myofibroblast,stromal,TAGLN
Myofibroblast,stromal,POSTN
Myofibroblast,stromal,COL1A1
Myofibroblast,stromal,FN1
Myofibroblast,stromal,LTBP2
Pericyte,stromal,PDGFRB
Pericyte,stromal,RGS5
Pericyte,stromal,NOTCH3
Pericyte,stromal,KCNJ8
Pericyte,stromal,CSPG4
vSMC,stromal,ACTA2
vSMC,stromal,MYH11
vSMC,stromal,TAGLN
vSMC,stromal,CNN1
vSMC,stromal,MYL9
Renin_JG,stromal,REN
Renin_JG,stromal,ACTA2
Renin_JG,stromal,RERGL
Renin_JG,stromal,GRID2
Renin_JG,stromal,MYH11
Urothelium,urothelial,UPK1B
Urothelium,urothelial,UPK2
Urothelium,urothelial,UPK3A
Urothelium,urothelial,GATA3
Urothelium,urothelial,KRT13
Urothelium,urothelial,PSCA
Urothelium,urothelial,KRT5
Schwann_neural,neural,PLP1
Schwann_neural,neural,S100B
Schwann_neural,neural,SOX10
Schwann_neural,neural,NRXN1
Schwann_neural,neural,CDH19
Proliferating,cycling,MKI67
Proliferating,cycling,TOP2A
Proliferating,cycling,PCNA
Proliferating,cycling,CDK1
Proliferating,cycling,CCNB1
Epithelial_progenitor,cycling,CD24
Epithelial_progenitor,cycling,PROM1
Epithelial_progenitor,cycling,SOX9
Epithelial_progenitor,cycling,KRT19
Epithelial_progenitor,cycling,EPCAM
T_cell,immune_infiltrate,CD3D
T_cell,immune_infiltrate,CD3E
T_cell,immune_infiltrate,CD3G
T_cell,immune_infiltrate,CD2
T_cell,immune_infiltrate,TRAC
T_cell,immune_infiltrate,IL7R
CD4_T,immune_infiltrate,CD4
CD4_T,immune_infiltrate,IL7R
CD4_T,immune_infiltrate,CD40LG
CD4_T,immune_infiltrate,LTB
CD4_T,immune_infiltrate,CD3D
CD8_T,immune_infiltrate,CD8A
CD8_T,immune_infiltrate,CD8B
CD8_T,immune_infiltrate,GZMK
CD8_T,immune_infiltrate,NKG7
CD8_T,immune_infiltrate,CCL5
CD8_T,immune_infiltrate,GZMA
Treg,immune_infiltrate,FOXP3
Treg,immune_infiltrate,IL2RA
Treg,immune_infiltrate,CTLA4
Treg,immune_infiltrate,CD3D
NK,immune_infiltrate,NKG7
NK,immune_infiltrate,GNLY
NK,immune_infiltrate,KLRD1
NK,immune_infiltrate,NCAM1
NK,immune_infiltrate,GZMB
NK,immune_infiltrate,FCGR3A
B_cell,immune_infiltrate,CD19
B_cell,immune_infiltrate,MS4A1
B_cell,immune_infiltrate,CD79A
B_cell,immune_infiltrate,CD79B
B_cell,immune_infiltrate,BANK1
B_cell,immune_infiltrate,IGHM
Plasma,immune_infiltrate,MZB1
Plasma,immune_infiltrate,JCHAIN
Plasma,immune_infiltrate,CD38
Plasma,immune_infiltrate,SDC1
Plasma,immune_infiltrate,XBP1
Plasma,immune_infiltrate,DERL3
Plasma,immune_infiltrate,IGHG1/2
Plasma,immune_infiltrate,IGKC
Monocyte,immune_infiltrate,CD14
Monocyte,immune_infiltrate,FCN1
Monocyte,immune_infiltrate,S100A8
Monocyte,immune_infiltrate,S100A9
Monocyte,immune_infiltrate,LYZ
Monocyte,immune_infiltrate,VCAN
Macrophage,immune_infiltrate,CD68
Macrophage,immune_infiltrate,CD163
Macrophage,immune_infiltrate,C1QA
Macrophage,immune_infiltrate,C1QB
Macrophage,immune_infiltrate,C1QC
Macrophage,immune_infiltrate,MRC1
Macrophage,immune_infiltrate,LYVE1
cDC,immune_infiltrate,CD1C
cDC,immune_infiltrate,FCER1A
cDC,immune_infiltrate,CLEC10A
cDC,immune_infiltrate,CLEC9A
cDC,immune_infiltrate,ITGAX
pDC,immune_infiltrate,LILRA4
pDC,immune_infiltrate,CLEC4C
pDC,immune_infiltrate,IL3RA
pDC,immune_infiltrate,IRF7
pDC,immune_infiltrate,TCF4
Mast,immune_infiltrate,TPSAB1/2
Mast,immune_infiltrate,TPSB2
Mast,immune_infiltrate,CPA3
Mast,immune_infiltrate,MS4A2
Mast,immune_infiltrate,KIT
Neutrophil,immune_infiltrate,FCGR3B
Neutrophil,immune_infiltrate,CSF3R
Neutrophil,immune_infiltrate,S100A8
Neutrophil,immune_infiltrate,S100A9
Neutrophil,immune_infiltrate,CXCR2
